{
  "project_info": {
    "project_number": "220561809995",
    "firebase_url": "https://blurpe-58d3a.firebaseio.com",
    "project_id": "blurpe-58d3a",
    "storage_bucket": "blurpe-58d3a.appspot.com"
  },
  "client": [
    {
      "client_info": {
        "mobilesdk_app_id": "1:220561809995:android:9dc48f7e0d60c0a9",
        "android_client_info": {
          "package_name": "raul.com.blurpechat"
        }
      },
      "oauth_client": [
        {
          "client_id": "220561809995-j9bo4v2k8l2348r5ba6smls43smbgnf4.apps.googleusercontent.com",
          "client_type": 1,
          "android_info": {
            "package_name": "raul.com.blurpechat",
            "certificate_hash": "2A4D568174CE3D6B62FAA1E34149C83C5BD71DE4"
          }
        },
        {
          "client_id": "220561809995-vfui1803kcbvstkoemki99mvgacnjbb2.apps.googleusercontent.com",
          "client_type": 3
        }
      ],
      "api_key": [
        {
          "current_key": "AIzaSyAyuoqNpW962erVCISGiaq5eK3mQBGn_js"
        }
      ],
      "services": {
        "analytics_service": {
          "status": 1
        },
        "appinvite_service": {
          "status": 2,
          "other_platform_oauth_client": [
            {
              "client_id": "220561809995-vfui1803kcbvstkoemki99mvgacnjbb2.apps.googleusercontent.com",
              "client_type": 3
            }
          ]
        },
        "ads_service": {
          "status": 2
        }
      }
    }
  ],
  "configuration_version": "1"
}